date_found,filing_accession,ticker,company,signal_type,n_insiders,total_usd,score
2026-07-10,0001046179-26-000435,TSM,TAIWAN SEMICONDUCTOR MANUFACTURING CO LTD,🤝 CLUSTER,31,122592.00000000001,340.5307727818179
2026-07-10,0001046179-26-000435,TSM,TAIWAN SEMICONDUCTOR MANUFACTURING CO LTD,🤝 CLUSTER,31,122592.00000000001,340.5307727818179
2026-07-10,0001046179-26-000422,TSM,TAIWAN SEMICONDUCTOR MANUFACTURING CO LTD,🤝 CLUSTER,31,122592.00000000001,340.5307727818179
2026-07-10,0001046179-26-000419,TSM,TAIWAN SEMICONDUCTOR MANUFACTURING CO LTD,🤝 CLUSTER,31,122592.00000000001,340.5307727818179
2026-07-10,0001046179-26-000417,TSM,TAIWAN SEMICONDUCTOR MANUFACTURING CO LTD,🤝 CLUSTER,31,122592.00000000001,340.5307727818179
2026-07-10,0001046179-26-000415,TSM,TAIWAN SEMICONDUCTOR MANUFACTURING CO LTD,🤝 CLUSTER,31,122592.00000000001,340.5307727818179
2026-07-10,0001046179-26-000429,TSM,TAIWAN SEMICONDUCTOR MANUFACTURING CO LTD,🤝 CLUSTER,31,122592.00000000001,340.5307727818179
2026-07-10,0001046179-26-000441,TSM,TAIWAN SEMICONDUCTOR MANUFACTURING CO LTD,🤝 CLUSTER,31,122592.00000000001,340.5307727818179
2026-07-10,0001046179-26-000438,TSM,TAIWAN SEMICONDUCTOR MANUFACTURING CO LTD,🤝 CLUSTER,31,122592.00000000001,340.5307727818179
2026-07-10,0001046179-26-000420,TSM,TAIWAN SEMICONDUCTOR MANUFACTURING CO LTD,🤝 CLUSTER,31,122592.00000000001,340.5307727818179
2026-07-10,0001046179-26-000431,TSM,TAIWAN SEMICONDUCTOR MANUFACTURING CO LTD,🤝 CLUSTER,31,122592.00000000001,340.5307727818179
2026-07-10,0001046179-26-000443,TSM,TAIWAN SEMICONDUCTOR MANUFACTURING CO LTD,🤝 CLUSTER,31,122592.00000000001,340.5307727818179
2026-07-10,0001046179-26-000437,TSM,TAIWAN SEMICONDUCTOR MANUFACTURING CO LTD,🤝 CLUSTER,31,122592.00000000001,340.5307727818179
2026-07-10,0001046179-26-000445,TSM,TAIWAN SEMICONDUCTOR MANUFACTURING CO LTD,🤝 CLUSTER,31,122592.00000000001,340.5307727818179
2026-07-10,0001046179-26-000428,TSM,TAIWAN SEMICONDUCTOR MANUFACTURING CO LTD,🤝 CLUSTER,31,122592.00000000001,340.5307727818179
2026-07-10,0001046179-26-000421,TSM,TAIWAN SEMICONDUCTOR MANUFACTURING CO LTD,🤝 CLUSTER,31,122592.00000000001,340.5307727818179
2026-07-10,0001046179-26-000434,TSM,TAIWAN SEMICONDUCTOR MANUFACTURING CO LTD,🤝 CLUSTER,31,122592.00000000001,340.5307727818179
2026-07-10,0001046179-26-000424,TSM,TAIWAN SEMICONDUCTOR MANUFACTURING CO LTD,🤝 CLUSTER,31,122592.00000000001,340.5307727818179
2026-07-10,0001046179-26-000436,TSM,TAIWAN SEMICONDUCTOR MANUFACTURING CO LTD,🤝 CLUSTER,31,122592.00000000001,340.5307727818179
2026-07-10,0001046179-26-000442,TSM,TAIWAN SEMICONDUCTOR MANUFACTURING CO LTD,🤝 CLUSTER,31,122592.00000000001,340.5307727818179
2026-07-10,0001046179-26-000418,TSM,TAIWAN SEMICONDUCTOR MANUFACTURING CO LTD,🤝 CLUSTER,31,122592.00000000001,340.5307727818179
2026-07-10,0001046179-26-000432,TSM,TAIWAN SEMICONDUCTOR MANUFACTURING CO LTD,🤝 CLUSTER,31,122592.00000000001,340.5307727818179
2026-07-10,0001046179-26-000444,TSM,TAIWAN SEMICONDUCTOR MANUFACTURING CO LTD,🤝 CLUSTER,31,122592.00000000001,340.5307727818179
2026-07-10,0001046179-26-000416,TSM,TAIWAN SEMICONDUCTOR MANUFACTURING CO LTD,🤝 CLUSTER,31,122592.00000000001,340.5307727818179
2026-07-10,0001046179-26-000433,TSM,TAIWAN SEMICONDUCTOR MANUFACTURING CO LTD,🤝 CLUSTER,31,122592.00000000001,340.5307727818179
2026-07-10,0001046179-26-000426,TSM,TAIWAN SEMICONDUCTOR MANUFACTURING CO LTD,🤝 CLUSTER,31,122592.00000000001,340.5307727818179
2026-07-10,0001046179-26-000430,TSM,TAIWAN SEMICONDUCTOR MANUFACTURING CO LTD,🤝 CLUSTER,31,122592.00000000001,340.5307727818179
2026-07-10,0001046179-26-000439,TSM,TAIWAN SEMICONDUCTOR MANUFACTURING CO LTD,🤝 CLUSTER,31,122592.00000000001,340.5307727818179
2026-07-10,0001046179-26-000440,TSM,TAIWAN SEMICONDUCTOR MANUFACTURING CO LTD,🤝 CLUSTER,31,122592.00000000001,340.5307727818179
2026-07-10,0001046179-26-000427,TSM,TAIWAN SEMICONDUCTOR MANUFACTURING CO LTD,🤝 CLUSTER,31,122592.00000000001,340.5307727818179
2026-07-10,0001046179-26-000423,TSM,TAIWAN SEMICONDUCTOR MANUFACTURING CO LTD,🤝 CLUSTER,31,122592.00000000001,340.5307727818179
2026-07-10,0001046179-26-000425,TSM,TAIWAN SEMICONDUCTOR MANUFACTURING CO LTD,🤝 CLUSTER,31,122592.00000000001,340.5307727818179
2026-07-10,0001493152-26-032725,JSDA,JONES SODA CO.,💰 CONVICTION,1,91827180900.0,75.77782750992895
2026-07-10,0001292814-26-003679,YPF,YPF SOCIEDAD ANONIMA,🥇 GOLDEN,2,532929.6,54.36001905508771
2026-07-10,0001292814-26-003679,YPF,YPF SOCIEDAD ANONIMA,🥇 GOLDEN,2,532929.6,54.36001905508771
2026-07-10,0001292814-26-003681,YPF,YPF SOCIEDAD ANONIMA,🥇 GOLDEN,2,532929.6,54.36001905508771
2026-07-10,0001213900-26-076871,GGAL,GRUPO FINANCIERO GALICIA SA,💰 CONVICTION,1,2092469.53,47.92395485576466
2026-07-10,0001213900-26-076871,GGAL,GRUPO FINANCIERO GALICIA SA,💰 CONVICTION,1,2092469.53,47.92395485576466
2026-07-10,0001213900-26-076871,GGAL,GRUPO FINANCIERO GALICIA SA,💰 CONVICTION,1,2092469.53,47.92395485576466
2026-07-10,0001213900-26-076871,GGAL,GRUPO FINANCIERO GALICIA SA,💰 CONVICTION,1,2092469.53,47.92395485576466
2026-07-10,0001213900-26-076871,GGAL,GRUPO FINANCIERO GALICIA SA,💰 CONVICTION,1,2092469.53,47.92395485576466
2026-07-10,0001683168-26-005324,INTZ,INTRUSION INC,🤝 CLUSTER,2,3947.0,41.57760275837309
2026-07-10,0001683168-26-005326,INTZ,INTRUSION INC,🤝 CLUSTER,2,3947.0,41.57760275837309
2026-07-14,0001213900-26-077729,GGAL,GRUPO FINANCIERO GALICIA SA,💰 CONVICTION,1,4253108.57,49.7722388150945
2026-07-14,0001213900-26-077729,GGAL,GRUPO FINANCIERO GALICIA SA,💰 CONVICTION,1,4253108.57,49.7722388150945
2026-07-14,0001185185-26-002924,CCCTU,Columbus Circle Capital Corp III,💰 CONVICTION,1,2650000.0,48.53947524362085
2026-07-14,0000912282-26-000955,UUUU,ENERGY FUELS INC,💰 CONVICTION,1,967920.0,45.91503678231535
2026-07-14,0001580642-26-004267,PSBD,Palmer Square Capital BDC Inc.,💰 CONVICTION,1,647337.48,44.866784516996695
2026-07-14,0001580642-26-004267,PSBD,Palmer Square Capital BDC Inc.,💰 CONVICTION,1,647337.48,44.866784516996695
2026-07-15,0001628280-26-048066,YEXT,"Yext, Inc.",💰 CONVICTION,1,397909.894,43.59870842788435
2026-07-17,0001765496-26-000015,N/A,John Hancock GA Mortgage Trust,🥇 GOLDEN,4,78583782.2196724,87.37199756484429
2026-07-17,0001833683-26-000016,N/A,John Hancock GA Mortgage Trust,🥇 GOLDEN,4,78583782.2196724,87.37199756484429
2026-07-17,0001837478-26-000015,N/A,John Hancock GA Mortgage Trust,🥇 GOLDEN,4,78583782.2196724,87.37199756484429
2026-07-17,0001765518-26-000004,N/A,John Hancock GA Mortgage Trust,🥇 GOLDEN,4,78583782.2196724,87.37199756484429
2026-07-17,0001493152-26-033031,GLOO,"Gloo Holdings, Inc.",💰 CONVICTION,1,2999997.0,48.86272492254978
2026-07-20,0001287920-26-000006,ELV,"Elevance Health, Inc.",💰 CONVICTION,1,1002230.05,46.005804520673415
2026-07-20,0001287920-26-000006,ELV,"Elevance Health, Inc.",💰 CONVICTION,1,1002230.05,46.005804520673415
2026-07-22,0001213900-26-080115,STWI,StageWise Strategies Corp.,💰 CONVICTION,1,250000.0,42.387640052032225
2026-07-23,0000912282-26-000998,ZSTK,ZeroStack Corp.,💰 CONVICTION,1,3479013.2675,49.24873650980842
2026-07-24,0001193125-26-314704,BRTMU,B&amp;R Technology Merger Corp.,💰 CONVICTION,1,6875000.0,51.0236362150138
2026-07-29,0001628280-26-050148,N/A,"Crestline Lending Solutions, LLC",🥇 GOLDEN,4,1100252.21501,76.24895350930302
2026-07-29,0001628280-26-050262,N/A,"Crestline Lending Solutions, LLC",🥇 GOLDEN,4,1100252.21501,76.24895350930302
2026-07-29,0001628280-26-050139,N/A,"Crestline Lending Solutions, LLC",🥇 GOLDEN,4,1100252.21501,76.24895350930302
2026-07-29,0001628280-26-050143,N/A,"Crestline Lending Solutions, LLC",🥇 GOLDEN,4,1100252.21501,76.24895350930302
2026-07-29,0001193125-26-321223,NONE,5C Lending Partners Corp.,🥇 GOLDEN,2,44632146.3,65.89788663188796
2026-07-29,0001193125-26-321639,NONE,5C Lending Partners Corp.,🥇 GOLDEN,2,44632146.3,65.89788663188796
2026-07-29,0001193125-26-321639,NONE,5C Lending Partners Corp.,🥇 GOLDEN,2,44632146.3,65.89788663188796
2026-08-08,0001193125-26-333412,BRTMU,B&amp;R Technology Merger Corp.,💰 CONVICTION,1,6875000.0,51.0236362150138
2026-08-08,0001213900-26-085827,XIIIU,Churchill Capital Corp XIII,💰 CONVICTION,1,3500000.0,49.264408266101654
2026-08-08,0001088011-26-000006,CVNA,CARVANA CO.,💰 CONVICTION,1,1544981.37,47.13353948138074
2026-08-08,0001088011-26-000006,CVNA,CARVANA CO.,💰 CONVICTION,1,1544981.37,47.13353948138074
2026-08-13,0001213900-26-088542,PNAQ,Pinnacle Acquisition Corp,🥇 GOLDEN,3,27100000.0,74.59781574524644
2026-08-13,0001213900-26-088542,PNAQ,Pinnacle Acquisition Corp,🥇 GOLDEN,3,27100000.0,74.59781574524644
2026-08-13,0001213900-26-088545,PNAQ,Pinnacle Acquisition Corp,🥇 GOLDEN,3,27100000.0,74.59781574524644
2026-08-13,0001213900-26-088545,PNAQ,Pinnacle Acquisition Corp,🥇 GOLDEN,3,27100000.0,74.59781574524644
2026-08-13,0001213900-26-088546,PNAQ,Pinnacle Acquisition Corp,🥇 GOLDEN,3,27100000.0,74.59781574524644
2026-08-13,0001696102-26-000008,ACDC,ProFrac Holding Corp.,🥇 GOLDEN,2,4018492.4561,59.624378944192046
2026-08-13,0001696102-26-000008,ACDC,ProFrac Holding Corp.,🥇 GOLDEN,2,4018492.4561,59.624378944192046
2026-08-13,0001104659-26-095159,ACDC,ProFrac Holding Corp.,🥇 GOLDEN,2,4018492.4561,59.624378944192046
2026-08-13,0001104659-26-095159,ACDC,ProFrac Holding Corp.,🥇 GOLDEN,2,4018492.4561,59.624378944192046
2026-08-13,0002069180-26-000002,AMRZ,Amrize Ltd,🥇 GOLDEN,2,415102.44,53.7089317171888
2026-08-13,0002069180-26-000002,AMRZ,Amrize Ltd,🥇 GOLDEN,2,415102.44,53.7089317171888
2026-08-13,0001632531-26-000002,AMRZ,Amrize Ltd,🥇 GOLDEN,2,415102.44,53.7089317171888
2026-08-13,0001182684-26-000017,TXO,"TXO Partners, L.P.",💰 CONVICTION,1,3487630.0,49.2551824284089
2026-08-13,0001182684-26-000017,TXO,"TXO Partners, L.P.",💰 CONVICTION,1,3487630.0,49.2551824284089
2026-08-13,0001182684-26-000017,TXO,"TXO Partners, L.P.",💰 CONVICTION,1,3487630.0,49.2551824284089
2026-08-14,0001182684-26-000020,TXO,"TXO Partners, L.P.",💰 CONVICTION,1,5638175.0,50.50683130933571
2026-08-14,0001182684-26-000020,TXO,"TXO Partners, L.P.",💰 CONVICTION,1,5638175.0,50.50683130933571
2026-08-14,0001628280-26-056686,N/A,"Crestline Lending Solutions, LLC",💰 CONVICTION,1,500114.64853999997,44.19441745226405
2026-08-17,0002069377-26-000002,AMRZ,Amrize Ltd,🥇 GOLDEN,3,485782.44,64.11865087159686
2026-08-17,0000899140-26-000894,OTLK,"Outlook Therapeutics, Inc.",💰 CONVICTION,1,2499999.48,48.387639510032656
2026-08-17,0001012975-26-000796,INFQ,"Infleqtion, Inc.",💰 CONVICTION,1,646836.3762,44.86476661229216
2026-08-19,0001213900-26-090894,NTHI,"NEONC TECHNOLOGIES HOLDINGS, INC.",🤝 CLUSTER,2,198579.7439,51.78760967761135
2026-08-19,0001213900-26-090894,NTHI,"NEONC TECHNOLOGIES HOLDINGS, INC.",🤝 CLUSTER,2,198579.7439,51.78760967761135
2026-08-19,0001213900-26-091231,NTHI,"NEONC TECHNOLOGIES HOLDINGS, INC.",🤝 CLUSTER,2,198579.7439,51.78760967761135
2026-08-19,0001213900-26-091231,NTHI,"NEONC TECHNOLOGIES HOLDINGS, INC.",🤝 CLUSTER,2,198579.7439,51.78760967761135
2026-08-19,0001213900-26-091415,CCHH,CCH Holdings Ltd,💰 CONVICTION,1,1440720.0000000002,46.951477510404885
2026-08-19,0000912282-26-001130,BGDE,"Big Digital Energy, Inc.",💰 CONVICTION,1,475048.38,44.060427048449235
2026-08-19,0000912282-26-001130,BGDE,"Big Digital Energy, Inc.",💰 CONVICTION,1,475048.38,44.060427048449235
2026-08-19,0000912282-26-001130,BGDE,"Big Digital Energy, Inc.",💰 CONVICTION,1,475048.38,44.060427048449235
2026-08-19,0000912282-26-001130,BGDE,"Big Digital Energy, Inc.",💰 CONVICTION,1,475048.38,44.060427048449235
2026-08-19,0000912282-26-001130,BGDE,"Big Digital Energy, Inc.",💰 CONVICTION,1,475048.38,44.060427048449235
2026-08-19,0000912282-26-001130,BGDE,"Big Digital Energy, Inc.",💰 CONVICTION,1,475048.38,44.060427048449235
2026-08-19,0000912282-26-001130,BGDE,"Big Digital Energy, Inc.",💰 CONVICTION,1,475048.38,44.060427048449235
2026-08-19,0000912282-26-001130,BGDE,"Big Digital Energy, Inc.",💰 CONVICTION,1,475048.38,44.060427048449235
2026-08-19,0001193125-26-357041,LIEN,"Chicago Atlantic BDC, Inc.",💰 CONVICTION,1,420807.36,43.74449996262648
2026-08-19,0001193125-26-357041,LIEN,"Chicago Atlantic BDC, Inc.",💰 CONVICTION,1,420807.36,43.74449996262648
2026-08-19,0001193125-26-357041,LIEN,"Chicago Atlantic BDC, Inc.",💰 CONVICTION,1,420807.36,43.74449996262648
2026-08-22,0001193125-26-360109,JEF,Jefferies Financial Group Inc.,💰 CONVICTION,1,324032894.12,61.06353459845582
2026-08-22,0001213900-26-092276,NTHI,"NEONC TECHNOLOGIES HOLDINGS, INC.",🥇 GOLDEN,2,391478.9674,53.556250604685744
2026-08-22,0001213900-26-092276,NTHI,"NEONC TECHNOLOGIES HOLDINGS, INC.",🥇 GOLDEN,2,391478.9674,53.556250604685744
2026-08-22,0001213900-26-092276,NTHI,"NEONC TECHNOLOGIES HOLDINGS, INC.",🥇 GOLDEN,2,391478.9674,53.556250604685744
2026-08-22,0001213900-26-092276,NTHI,"NEONC TECHNOLOGIES HOLDINGS, INC.",🥇 GOLDEN,2,391478.9674,53.556250604685744
2026-08-22,0001193125-26-357979,ENHA,Enhanced Group Inc.,💰 CONVICTION,1,2936657.66,48.80711993033486
2026-08-22,0001193125-26-357979,ENHA,Enhanced Group Inc.,💰 CONVICTION,1,2936657.66,48.80711993033486
2026-08-22,0001193125-26-357979,ENHA,Enhanced Group Inc.,💰 CONVICTION,1,2936657.66,48.80711993033486
2026-08-22,0001214659-26-010625,UUU,"UNIVERSAL SAFETY PRODUCTS, INC.",💰 CONVICTION,1,384736.7608,43.510982105361364
2026-08-22,0001214659-26-010625,UUU,"UNIVERSAL SAFETY PRODUCTS, INC.",💰 CONVICTION,1,384736.7608,43.510982105361364
2026-08-22,0001214659-26-010625,UUU,"UNIVERSAL SAFETY PRODUCTS, INC.",💰 CONVICTION,1,384736.7608,43.510982105361364
2026-08-22,0001214659-26-010625,UUU,"UNIVERSAL SAFETY PRODUCTS, INC.",💰 CONVICTION,1,384736.7608,43.510982105361364
2026-08-22,0001214659-26-010625,UUU,"UNIVERSAL SAFETY PRODUCTS, INC.",💰 CONVICTION,1,384736.7608,43.510982105361364
2026-08-22,0001214659-26-010625,UUU,"UNIVERSAL SAFETY PRODUCTS, INC.",💰 CONVICTION,1,384736.7608,43.510982105361364
2026-08-22,0001214659-26-010625,UUU,"UNIVERSAL SAFETY PRODUCTS, INC.",💰 CONVICTION,1,384736.7608,43.510982105361364
2026-08-22,0001214659-26-010625,UUU,"UNIVERSAL SAFETY PRODUCTS, INC.",💰 CONVICTION,1,384736.7608,43.510982105361364
2026-08-22,0001214659-26-010748,UUU,"UNIVERSAL SAFETY PRODUCTS, INC.",💰 CONVICTION,1,384736.7608,43.510982105361364
2026-08-22,0001214659-26-010748,UUU,"UNIVERSAL SAFETY PRODUCTS, INC.",💰 CONVICTION,1,384736.7608,43.510982105361364
2026-08-22,0001214659-26-010748,UUU,"UNIVERSAL SAFETY PRODUCTS, INC.",💰 CONVICTION,1,384736.7608,43.510982105361364
2026-08-22,0001214659-26-010748,UUU,"UNIVERSAL SAFETY PRODUCTS, INC.",💰 CONVICTION,1,384736.7608,43.510982105361364
2026-09-03,0002117905-26-000026,AUGO,Aura Minerals Inc.,💰 CONVICTION,1,21793631.2368,54.02997758837502
2026-09-03,0002117905-26-000026,AUGO,Aura Minerals Inc.,💰 CONVICTION,1,21793631.2368,54.02997758837502
2026-09-03,0002117905-26-000026,AUGO,Aura Minerals Inc.,💰 CONVICTION,1,21793631.2368,54.02997758837502
2026-09-03,0002117905-26-000026,AUGO,Aura Minerals Inc.,💰 CONVICTION,1,21793631.2368,54.02997758837502
2026-09-03,0002117905-26-000027,AUGO,Aura Minerals Inc.,💰 CONVICTION,1,21793631.2368,54.02997758837502
2026-09-03,0002117905-26-000028,AUGO,Aura Minerals Inc.,💰 CONVICTION,1,21793631.2368,54.02997758837502
2026-09-03,0001816092-26-000006,HWKN,HAWKINS INC,🥇 GOLDEN,2,261575.776,52.50558513432052
2026-09-03,0001626669-26-000006,HWKN,HAWKINS INC,🥇 GOLDEN,2,261575.776,52.50558513432052
2026-09-03,0000905148-26-004073,GPI,GROUP 1 AUTOMOTIVE INC,💰 CONVICTION,1,8285850.4413,51.51002254038892
2026-09-03,0000905148-26-004073,GPI,GROUP 1 AUTOMOTIVE INC,💰 CONVICTION,1,8285850.4413,51.51002254038892
2026-09-03,0000905148-26-004073,GPI,GROUP 1 AUTOMOTIVE INC,💰 CONVICTION,1,8285850.4413,51.51002254038892
2026-09-03,0000905148-26-004073,GPI,GROUP 1 AUTOMOTIVE INC,💰 CONVICTION,1,8285850.4413,51.51002254038892
2026-09-03,0000905148-26-004073,GPI,GROUP 1 AUTOMOTIVE INC,💰 CONVICTION,1,8285850.4413,51.51002254038892
2026-09-03,0000905148-26-004073,GPI,GROUP 1 AUTOMOTIVE INC,💰 CONVICTION,1,8285850.4413,51.51002254038892
2026-09-03,0001213900-26-096450,NIVF,NewGenIvf Group Ltd,💰 CONVICTION,1,4163334.5,49.71664783212562
2026-09-03,0001213900-26-096450,NIVF,NewGenIvf Group Ltd,💰 CONVICTION,1,4163334.5,49.71664783212562
2026-09-03,0001213900-26-096450,NIVF,NewGenIvf Group Ltd,💰 CONVICTION,1,4163334.5,49.71664783212562
2026-09-03,0001213900-26-096450,NIVF,NewGenIvf Group Ltd,💰 CONVICTION,1,4163334.5,49.71664783212562
2026-09-03,0001193125-26-371418,WELL,WELLTOWER INC.,💰 CONVICTION,1,2407650.0,48.28956012279926
2026-09-03,0001193125-26-371418,WELL,WELLTOWER INC.,💰 CONVICTION,1,2407650.0,48.28956012279926
2026-09-03,0001193125-26-371418,WELL,WELLTOWER INC.,💰 CONVICTION,1,2407650.0,48.28956012279926
2026-09-03,0001193125-26-371418,WELL,WELLTOWER INC.,💰 CONVICTION,1,2407650.0,48.28956012279926
2026-09-03,0001104659-26-103344,RNAQ,Rainier Acquisition Corp,💰 CONVICTION,1,2000000.0,47.80617997398389
2026-09-03,0001104659-26-104746,RNAQ,Rainier Acquisition Corp,💰 CONVICTION,1,2000000.0,47.80617997398389
2026-09-03,0002035989-26-000078,AMRZ,Amrize Ltd,💰 CONVICTION,1,1274080.0,46.63118019029308
2026-09-03,0002035989-26-000078,AMRZ,Amrize Ltd,💰 CONVICTION,1,1274080.0,46.63118019029308
2026-09-03,0002035989-26-000078,AMRZ,Amrize Ltd,💰 CONVICTION,1,1274080.0,46.63118019029308
2026-09-03,0002035989-26-000078,AMRZ,Amrize Ltd,💰 CONVICTION,1,1274080.0,46.63118019029308
2026-09-03,0002035989-26-000078,AMRZ,Amrize Ltd,💰 CONVICTION,1,1274080.0,46.63118019029308
2026-09-03,0000912282-26-001201,BGDE,"Big Digital Energy, Inc.",💰 CONVICTION,1,329216.4,43.10488876942543
2026-09-03,0000912282-26-001201,BGDE,"Big Digital Energy, Inc.",💰 CONVICTION,1,329216.4,43.10488876942543
2026-09-03,0000912282-26-001201,BGDE,"Big Digital Energy, Inc.",💰 CONVICTION,1,329216.4,43.10488876942543
2026-09-03,0000912282-26-001201,BGDE,"Big Digital Energy, Inc.",💰 CONVICTION,1,329216.4,43.10488876942543
